Date,Season_End_Year,Week,ELO
15/08/1992,1993,1,1000.0
19/08/1992,1993,2,1027.5549918376346
22/08/1992,1993,3,1029.6875
25/08/1992,1993,4,1057.6662744127025
29/08/1992,1993,5,1038.4687927891873
15/09/1992,1993,6,1049.5423415094308
05/09/1992,1993,7,997.3780626926298
12/09/1992,1993,8,966.6740635342755
19/09/1992,1993,9,982.8762278223998
26/09/1992,1993,10,957.6936825520975
04/10/1992,1993,11,930.5179315745971
17/10/1992,1993,12,947.4681963660082
24/10/1992,1993,13,916.0007393311437
31/10/1992,1993,14,886.0446485674015
07/11/1992,1993,15,922.0935697184113
21/11/1992,1993,16,890.5898201981428
28/11/1992,1993,17,858.9424904619493
07/12/1992,1993,18,968.6793514569504
12/12/1992,1993,19,928.980964919626
19/12/1992,1993,20,983.2686339921858
26/12/1992,1993,21,984.6144304609899
28/12/1992,1993,22,947.9380019160521
09/01/1993,1993,23,1015.3093812816226
16/01/1993,1993,24,1044.7944278025466
26/01/1993,1993,25,1075.5620451148181
30/01/1993,1993,26,1037.4976256620198
06/02/1993,1993,27,1006.9574609016512
10/02/1993,1993,28,980.7816064768399
03/03/1993,1993,29,971.262071490439
20/02/1993,1993,30,949.9489851024209
27/02/1993,1993,31,939.6902887133804
07/03/1993,1993,32,1025.7808625171244
10/03/1993,1993,33,964.745570866763
13/03/1993,1993,34,1002.4732155036218
20/03/1993,1993,35,974.0660340077511
24/03/1993,1993,36,1005.7626614212882
04/05/1993,1993,37,950.9064328371218
10/04/1993,1993,38,1037.2631320966395
12/04/1993,1993,39,990.4670529594194
17/04/1993,1993,40,985.8561749465397
01/05/1993,1993,41,979.7185922056437
08/05/1993,1993,42,999.2828385613535
14/08/1993,1994,1,1030.9539564473773
17/08/1993,1994,2,1060.5103753264955
21/08/1993,1994,3,1090.1140786853803
25/08/1993,1994,4,1039.3928575807613
28/08/1993,1994,5,1001.7064888410256
31/08/1993,1994,6,973.3948118079452
11/09/1993,1994,7,1000.6411725535892
18/09/1993,1994,8,1028.135152801809
25/09/1993,1994,9,1000.2457419874313
03/10/1993,1994,10,972.4551645349411
16/10/1993,1994,11,957.7325319350057
23/10/1993,1994,12,934.1347882043639
30/10/1993,1994,13,985.8154807526574
06/11/1993,1994,14,939.0341664577038
20/11/1993,1994,15,907.7984551420203
23/11/1993,1994,16,929.4023981719633
27/11/1993,1994,17,932.1392541476059
04/12/1993,1994,18,974.9367464829725
08/12/1993,1994,19,926.684054494917
11/12/1993,1994,20,921.1895278080141
18/12/1993,1994,21,890.3633728982967
27/12/1993,1994,22,859.7484427136965
29/12/1993,1994,23,835.3400372434911
01/01/1994,1994,24,804.1431998197056
03/01/1994,1994,25,774.201583147996
15/01/1994,1994,26,856.121324652182
22/01/1994,1994,27,836.8842691872095
05/02/1994,1994,28,930.305354224123
12/02/1994,1994,29,929.0567198653308
19/02/1994,1994,30,939.1067068459962
30/03/1994,1994,31,884.1870450985699
05/03/1994,1994,32,977.8483339663368
13/03/1994,1994,33,949.6016625820375
21/03/1994,1994,34,920.3954573003704
26/03/1994,1994,35,879.8192174313427
02/04/1994,1994,36,852.8169237063001
04/04/1994,1994,37,830.067515366689
09/04/1994,1994,38,902.7086670428922
16/04/1994,1994,39,871.7324697393477
23/04/1994,1994,40,884.8735555286574
30/04/1994,1994,41,854.4484623907398
07/05/1994,1994,42,1034.1451498617978
20/08/1994,1995,1,1017.5972815920167
24/08/1994,1995,2,990.4065200387233
27/08/1994,1995,3,962.0250878710511
30/08/1994,1995,4,932.9764180990744
10/09/1994,1995,5,901.2929685161214
17/09/1994,1995,6,903.7153805619308
24/09/1994,1995,7,906.5804465516128
01/10/1994,1995,8,874.8610817867412
08/10/1994,1995,9,844.465876297264
15/10/1994,1995,10,814.2189436464538
22/10/1994,1995,11,783.7277294252378
29/10/1994,1995,12,833.7420935629417
01/11/1994,1995,13,908.9955915237251
05/11/1994,1995,14,916.0290427547135
21/11/1994,1995,15,999.1923963488969
26/11/1994,1995,16,1031.297023694678
05/12/1994,1995,17,1058.033193499066
10/12/1994,1995,18,1033.068658280851
17/12/1994,1995,19,1032.362153412739
26/12/1994,1995,20,986.1900717869974
01/02/1995,1995,21,985.6544777297623
31/12/1994,1995,22,1017.8231273604681
02/01/1995,1995,23,989.3374852215122
14/01/1995,1995,24,985.8434789809271
21/01/1995,1995,25,1014.7262381811369
24/01/1995,1995,26,1014.720006610191
04/02/1995,1995,27,1015.2936482256895
13/02/1995,1995,28,1009.6704113802268
03/05/1995,1995,29,1028.2295445159205
22/02/1995,1995,30,980.8209589144243
25/02/1995,1995,31,1098.0081138686592
04/03/1995,1995,32,1063.0722511157546
08/03/1995,1995,33,1010.7636242944358
15/03/1995,1995,34,998.0174007117795
18/03/1995,1995,35,1059.160443666657
01/04/1995,1995,36,1027.5223155899778
09/05/1995,1995,37,1072.011957255004
14/04/1995,1995,38,1055.924337264474
17/04/1995,1995,39,1029.8432701475192
29/04/1995,1995,40,1027.7885547790204
06/05/1995,1995,41,1041.2480809305662
14/05/1995,1995,42,1055.858146114035
19/08/1995,1996,1,1052.3918389370747
23/08/1995,1996,2,992.4177388428811
26/08/1995,1996,3,1022.6639294621101
30/08/1995,1996,4,1054.0910151139888
09/09/1995,1996,5,1022.5463664988166
17/09/1995,1996,6,991.1727274074262
23/09/1995,1996,7,958.1308517023016
01/10/1995,1996,8,927.059055360833
14/10/1995,1996,9,920.6054619349901
22/10/1995,1996,10,959.596690355365
28/10/1995,1996,11,927.959044026287
05/11/1995,1996,12,989.8187940262097
18/11/1995,1996,13,1055.1424535860917
22/11/1995,1996,14,1086.4853835303188
25/11/1995,1996,15,1063.0760072590454
02/12/1995,1996,16,1079.0039686791988
11/12/1995,1996,17,1106.6264315206643
16/12/1995,1996,18,1078.8984660339397
23/12/1995,1996,19,999.9898742011909
26/12/1995,1996,20,1040.7389780826722
30/12/1995,1996,21,1075.2197747169453
01/01/1996,1996,22,1104.7811518184892
13/01/1996,1996,23,1104.7360618158307
20/01/1996,1996,24,1133.617946260496
03/02/1996,1996,25,1115.2530366922203
10/02/1996,1996,26,1146.658387762342
21/02/1996,1996,27,1118.1334008632027
24/02/1996,1996,28,1149.835512865798
02/03/1996,1996,29,1175.032815909994
09/03/1996,1996,30,1153.4601784232532
17/03/1996,1996,31,1111.9228489414554
23/03/1996,1996,32,1046.3270167991493
30/03/1996,1996,33,1098.4169096988926
06/04/1996,1996,34,1130.024164672646
08/04/1996,1996,35,1046.1161019549968
16/04/1996,1996,36,1049.175119331303
27/04/1996,1996,37,1079.5230492361502
05/05/1996,1996,38,1110.8029447079396
17/08/1996,1997,1,1138.6377763753421
21/08/1996,1997,2,1153.8267417020074
24/08/1996,1997,3,1149.4657859433362
04/09/1996,1997,4,1092.6127596987642
07/09/1996,1997,5,1042.8730235687553
14/09/1996,1997,6,1005.4365866541381
21/09/1996,1997,7,996.7778124695017
28/09/1996,1997,8,1033.3372958511204
12/10/1996,1997,9,1064.5508612959825
20/11/1996,1997,10,1106.1040718780428
28/10/1996,1997,11,1096.0155032789476
04/11/1996,1997,12,1080.2462205302725
16/11/1996,1997,13,1105.272865926684
23/11/1996,1997,14,1136.1944634777842
30/11/1996,1997,15,1031.429231790054
07/12/1996,1997,16,1031.7197247849804
16/12/1996,1997,17,1076.2209115973483
21/12/1996,1997,18,1070.565697028329
26/12/1996,1997,19,978.8526357524465
28/12/1996,1997,20,948.3226112416734
01/01/1997,1997,21,917.4829318507856
11/01/1997,1997,22,886.0502775832259
19/01/1997,1997,23,854.4157884954938
29/01/1997,1997,24,824.1173723111909
01/02/1997,1997,25,929.8271339192855
09/04/1997,1997,26,906.9608075864157
22/02/1997,1997,27,942.9114394985238
01/03/1997,1997,28,912.4075115065709
05/03/1997,1997,29,926.3503552930592
08/03/1997,1997,30,894.6294007559225
15/03/1997,1997,31,947.1285713202032
22/03/1997,1997,32,918.0312915389576
05/04/1997,1997,33,887.1663668056043
12/04/1997,1997,34,947.6188027692556
19/04/1997,1997,35,967.7345198392537
16/04/1997,1997,36,964.6842241068916
03/05/1997,1997,37,938.1752911309891
11/05/1997,1997,38,907.5805793667674
09/08/1997,1998,1,878.3905732510894
26/11/1997,1998,2,872.8143705203032
23/08/1997,1998,3,986.1539698633858
27/08/1997,1998,4,956.0923440550553
01/09/1997,1998,5,956.097416008242
13/09/1997,1998,6,927.5741284051203
20/09/1997,1998,7,954.8824551409099
24/09/1997,1998,8,924.0405853478222
27/09/1997,1998,9,978.7276228045429
04/10/1997,1998,10,951.5669694262825
18/10/1997,1998,11,1013.6318097749015
25/10/1997,1998,12,1006.0772760023007
02/11/1997,1998,13,965.7716395918267
08/11/1997,1998,14,934.293711164135
22/11/1997,1998,15,904.439300466178
29/11/1997,1998,16,840.3882797140467
06/12/1997,1998,17,912.4210330509966
13/12/1997,1998,18,924.8341421266928
20/12/1997,1998,19,966.9124483231942
26/12/1997,1998,20,943.2077050749999
28/12/1997,1998,21,987.3288942115599
10/01/1998,1998,22,1016.3286934231955
18/01/1998,1998,23,1065.8489297680176
31/01/1998,1998,24,1056.3593442749714
07/02/1998,1998,25,1044.6916839131045
14/02/1998,1998,26,1009.4566411059786
23/02/1998,1998,27,1020.2061788289475
28/02/1998,1998,28,1011.5105286267459
07/03/1998,1998,29,979.9851090894444
14/03/1998,1998,30,1014.2614614238269
28/03/1998,1998,31,986.6824017855587
04/04/1998,1998,32,990.3412610552299
11/04/1998,1998,33,1052.3500072968493
13/04/1998,1998,34,1049.0833789384249
18/04/1998,1998,35,1047.080905037066
25/04/1998,1998,36,1002.4691091506627
03/05/1998,1998,37,981.7194692158084
10/05/1998,1998,38,999.0102498444026
15/08/1998,1999,1,1024.825562295626
22/08/1998,1999,2,999.0892712326626
29/08/1998,1999,3,956.5638537283478
08/09/1998,1999,4,1008.4911917600065
12/09/1998,1999,5,1018.6533775236685
19/09/1998,1999,6,1022.896246188
26/09/1998,1999,7,1007.0200415571514
03/10/1998,1999,8,1045.0396432525436
17/10/1998,1999,9,1047.450155527389
24/10/1998,1999,10,1036.0775978026047
31/10/1998,1999,11,1004.479667371457
08/11/1998,1999,12,973.6439806060168
15/11/1998,1999,13,934.052827503973
23/11/1998,1999,14,978.4644127596142
28/11/1998,1999,15,1015.9567533874773
05/12/1998,1999,16,1035.9373154368457
12/12/1998,1999,17,1067.1924562189058
19/12/1998,1999,18,1041.768556963477
26/12/1998,1999,19,1041.3703461210337
28/12/1998,1999,20,1015.8002761483942
09/01/1999,1999,21,1021.299111166492
18/01/1999,1999,22,992.6468945742914
30/01/1999,1999,23,903.8129941356831
07/02/1999,1999,24,872.4855180014822
17/02/1999,1999,25,938.7056631095047
20/02/1999,1999,26,908.593706033358
27/02/1999,1999,27,910.204378064842
10/03/1999,1999,28,971.9717152141659
13/03/1999,1999,29,946.5039055492431
21/03/1999,1999,30,927.92245180473
03/04/1999,1999,31,901.2984973892724
05/04/1999,1999,32,874.994838582527
11/04/1999,1999,33,965.4267448178878
17/04/1999,1999,34,1020.1436909038857
24/04/1999,1999,35,1048.2432848157891
01/05/1999,1999,36,1017.2581298630341
08/05/1999,1999,37,1055.4853289022149
16/05/1999,1999,38,1028.4451057446004
08/08/1999,2000,1,1059.6215675462317
11/08/1999,2000,2,1009.0341094595176
14/08/1999,2000,3,976.5731766353744
21/08/1999,2000,4,1054.9768051824972
25/08/1999,2000,5,1086.014718931912
28/08/1999,2000,6,1021.6604770978902
11/09/1999,2000,7,1053.097440017895
19/09/1999,2000,8,1115.5831615826537
27/09/1999,2000,9,1140.9488877985957
02/10/1999,2000,10,1120.9113186658467
16/10/1999,2000,11,1093.539383798015
24/10/1999,2000,12,1113.723065092315
30/10/1999,2000,13,1066.4580348330849
07/11/1999,2000,14,1053.4571605676997
20/11/1999,2000,15,1046.5860404146442
27/11/1999,2000,16,1025.1767140773088
04/12/1999,2000,17,994.2807725376904
18/12/1999,2000,18,1025.937032214904
26/12/1999,2000,19,1130.3817741129305
28/12/1999,2000,20,1109.7771501974105
03/01/2000,2000,21,1076.3237655478176
15/01/2000,2000,22,1075.486299574648
22/01/2000,2000,23,990.874456464122
05/02/2000,2000,24,1054.1626656962592
12/02/2000,2000,25,1082.824483720826
26/02/2000,2000,26,1109.9371949848266
04/03/2000,2000,27,1083.4641909506588
11/03/2000,2000,28,1096.4399006478402
19/03/2000,2000,29,968.8727445685828
25/03/2000,2000,30,940.5658271622897
01/04/2000,2000,31,970.7169286768433
08/04/2000,2000,32,971.3682207742457
15/04/2000,2000,33,1002.5592577775799
21/04/2000,2000,34,1053.244804852043
15/03/2000,2000,35,999.3908238868165
29/04/2000,2000,36,1021.5991235987691
08/05/2000,2000,37,1022.1972996938324
14/05/2000,2000,38,996.3239057996145
19/08/2000,2001,1,968.1431164090085
23/08/2000,2001,2,1005.0013521175922
26/08/2000,2001,3,999.3702446574255
05/09/2000,2001,4,971.3571054820646
09/09/2000,2001,5,1016.7272997423776
16/09/2000,2001,6,991.8714336294707
24/09/2000,2001,7,1020.372273642129
30/09/2000,2001,8,990.157772944573
14/10/2000,2001,9,993.2650364151126
21/10/2000,2001,10,1042.8169724034792
29/10/2000,2001,11,1013.7125508129723
05/11/2000,2001,12,983.0128088549377
11/11/2000,2001,13,1013.2804143162954
18/11/2000,2001,14,1109.615720784017
25/11/2000,2001,15,1140.9243028274059
04/12/2000,2001,16,1100.4455934438292
09/12/2000,2001,17,994.4393174160017
16/12/2000,2001,18,1010.8888445122602
23/12/2000,2001,19,984.5873655742845
26/12/2000,2001,20,950.7117284712903
07/02/2001,2001,21,983.3506655045986
01/01/2001,2001,22,919.8978577014301
13/01/2001,2001,23,935.4005502066619
20/01/2001,2001,24,967.0605787380994
31/01/2001,2001,25,981.4449645615842
03/02/2001,2001,26,959.4298411981803
10/02/2001,2001,27,1012.8376089473608
24/02/2001,2001,28,979.9837494284108
03/03/2001,2001,29,979.6504031469597
17/03/2001,2001,30,949.638419233165
31/03/2001,2001,31,977.5407289480023
08/04/2001,2001,32,1007.9843941726913
14/04/2001,2001,33,979.2227094406426
16/04/2001,2001,34,947.9561707237086
21/04/2001,2001,35,916.4389391422943
28/04/2001,2001,36,954.6422257299073
05/05/2001,2001,37,923.9962902710015
19/05/2001,2001,38,946.1674242197965
18/08/2001,2002,1,998.7374093357848
20/08/2001,2002,2,996.8583608987427
25/08/2001,2002,3,1027.7887046425776
08/09/2001,2002,4,992.2770524575196
15/09/2001,2002,5,960.5673321127227
19/12/2001,2002,6,1028.5111873648216
22/09/2001,2002,7,934.2341122337853
29/09/2001,2002,8,991.7527842950457
13/10/2001,2002,9,988.3419112176468
20/10/2001,2002,10,1085.5445411321282
27/10/2001,2002,11,1041.3436501626213
03/11/2001,2002,12,1039.9886129985546
18/11/2001,2002,13,1045.911530763532
24/11/2001,2002,14,1027.392338869384
02/12/2001,2002,15,1056.8325589330004
08/12/2001,2002,16,1027.406233062904
15/12/2001,2002,17,1058.7477777865797
22/12/2001,2002,18,1002.8544782206363
26/12/2001,2002,19,972.2685212439861
29/12/2001,2002,20,942.2825180281386
01/01/2002,2002,21,916.5684400078142
12/01/2002,2002,22,973.6137657839195
19/01/2002,2002,23,971.0593325186453
30/01/2002,2002,24,974.030336277159
02/02/2002,2002,25,942.3703019503545
10/02/2002,2002,26,917.8605587071752
23/02/2002,2002,27,986.0484835700202
03/03/2002,2002,28,996.3981447036267
06/03/2002,2002,29,970.6829669129107
16/03/2002,2002,30,997.570969645559
23/03/2002,2002,31,1024.2094365481003
29/03/2002,2002,32,992.6694995010254
01/04/2002,2002,33,1022.741299258662
06/04/2002,2002,34,991.025800835732
13/04/2002,2002,35,977.2205920394568
20/04/2002,2002,36,1005.8286085030214
28/04/2002,2002,37,974.6181692009271
11/05/2002,2002,38,963.3014495573003
17/08/2002,2003,1,974.47795860211
24/08/2002,2003,2,1004.6164349467721
28/08/2002,2003,3,999.9660801085224
31/08/2002,2003,4,968.0902659208815
11/09/2002,2003,5,941.040120047229
14/09/2002,2003,6,1001.1607593161287
22/09/2002,2003,7,968.1426395943477
28/09/2002,2003,8,1033.9801632569247
07/10/2002,2003,9,1003.2850820275476
19/10/2002,2003,10,1210.6261273799505
27/10/2002,2003,11,1242.3516807493804
03/11/2002,2003,12,1269.5279014087157
09/11/2002,2003,13,1293.8262466505887
17/11/2002,2003,14,1324.822198732117
23/11/2002,2003,15,1343.010693793311
01/12/2002,2003,16,1209.2700578249032
07/12/2002,2003,17,1175.4478345842028
14/12/2002,2003,18,1207.1545560951317
22/12/2002,2003,19,1164.8764291911154
26/12/2002,2003,20,1147.7852781792626
28/12/2002,2003,21,1138.9290641147552
01/01/2003,2003,22,1132.409269744167
12/01/2003,2003,23,1071.6861879376788
18/01/2003,2003,24,1103.2883850104506
28/01/2003,2003,25,1134.8546534980517
01/02/2003,2003,26,1166.4670784336615
08/02/2003,2003,27,1141.01978413493
22/02/2003,2003,28,1172.6973297074521
01/03/2003,2003,29,1148.9166641240356
15/03/2003,2003,30,1134.3722382292453
23/03/2003,2003,31,1103.2463629602207
06/04/2003,2003,32,1167.692028225149
12/04/2003,2003,33,1189.0549689821312
19/04/2003,2003,34,1136.235453925062
21/04/2003,2003,35,1096.498323010718
26/04/2003,2003,36,1123.175278823653
03/05/2003,2003,37,1068.2360464602982
11/05/2003,2003,38,1044.0929692738516
16/08/2003,2004,1,1012.3978397829158
23/08/2003,2004,2,1079.629130872612
26/08/2003,2004,3,1063.0580253461155
30/08/2003,2004,4,1033.1014133610358
13/09/2003,2004,5,1032.1194658705456
21/09/2003,2004,6,975.169732417508
28/09/2003,2004,7,1000.5353305693842
04/10/2003,2004,8,964.0309291757395
19/10/2003,2004,9,977.6402258881113
25/10/2003,2004,10,981.1263044676544
01/11/2003,2004,11,956.0051353402516
10/11/2003,2004,12,916.9787972847955
22/11/2003,2004,13,984.1984036177478
29/11/2003,2004,14,953.8510071544581
07/12/2003,2004,15,951.6228699784459
13/12/2003,2004,16,983.6622061710353
20/12/2003,2004,17,1029.0310512834967
26/12/2003,2004,18,1006.6380029812095
28/12/2003,2004,19,1059.883326706194
07/01/2004,2004,20,1110.7123008922206
10/01/2004,2004,21,1068.344681107523
17/01/2004,2004,22,1037.3608443703504
31/01/2004,2004,23,1042.3536693656395
07/02/2004,2004,24,1011.4868297549641
11/02/2004,2004,25,983.9823466292179
21/02/2004,2004,26,984.3410004390732
28/02/2004,2004,27,1065.2588480777536
13/03/2004,2004,28,1096.9470777631711
20/03/2004,2004,29,1095.0150294906907
27/03/2004,2004,30,1095.3148857607239
03/04/2004,2004,31,1054.7447028241806
09/04/2004,2004,32,1085.2195310297402
13/04/2004,2004,33,1084.7971717561986
17/04/2004,2004,34,1097.1899990703391
24/04/2004,2004,35,1052.7251477829498
01/05/2004,2004,36,1020.6086528427995
08/05/2004,2004,37,988.92641479789
15/05/2004,2004,38,960.921887044208
15/08/2004,2005,1,938.3821818533038
21/08/2004,2005,2,966.887259338168
30/08/2004,2005,3,1013.650622255965
28/08/2004,2005,4,998.9302608792061
11/09/2004,2005,5,1049.517357484733
19/09/2004,2005,6,1096.2314584978117
26/09/2004,2005,7,1126.7225035313193
02/10/2004,2005,8,1085.3515498185757
16/10/2004,2005,9,1116.6487407188454
23/10/2004,2005,10,1146.8247208674486
30/10/2004,2005,11,1133.1293621524446
06/11/2004,2005,12,1101.8739624448845
13/11/2004,2005,13,1130.798966112725
20/11/2004,2005,14,1162.389570070683
28/11/2004,2005,15,1140.7809948878203
04/12/2004,2005,16,1171.5700149586494
11/12/2004,2005,17,1201.50925838251
18/12/2004,2005,18,1166.638416255261
26/12/2004,2005,19,1197.9759830473515
28/12/2004,2005,20,1118.9860596534866
01/01/2005,2005,21,1087.5793607915007
04/01/2005,2005,22,1116.8398216752867
16/01/2005,2005,23,1109.4424852598331
22/01/2005,2005,24,1072.0106592391567
02/02/2005,2005,25,1102.9560599827378
06/02/2005,2005,26,1079.5325673729776
12/02/2005,2005,27,1054.5338292121444
26/02/2005,2005,28,1085.303463101849
06/03/2005,2005,29,1043.7416836521975
20/03/2005,2005,30,1006.1050523850406
03/04/2005,2005,31,980.7305063293089
10/04/2005,2005,32,1014.156558337888
11/05/2005,2005,33,996.0434366355915
20/04/2005,2005,34,1057.413825366898
23/04/2005,2005,35,1056.1594672767967
30/04/2005,2005,36,993.6403742436258
07/05/2005,2005,37,1018.8520303114611
15/05/2005,2005,38,965.2515106008015
13/08/2005,2006,1,933.5284921012874
21/08/2005,2006,2,1007.7163515123914
14/12/2005,2006,3,1049.329853185001
27/08/2005,2006,4,979.2449430152441
10/09/2005,2006,5,920.6685338219208
19/09/2005,2006,6,891.6734502369065
24/09/2005,2006,7,859.9481449049241
02/10/2005,2006,8,830.5092121591437
15/10/2005,2006,9,804.0496743335998
23/10/2005,2006,10,955.3800288939818
29/10/2005,2006,11,983.5143141887313
06/11/2005,2006,12,1015.608957811782
19/11/2005,2006,13,953.6400255259956
27/11/2005,2006,14,1021.8628370710011
03/12/2005,2006,15,1054.0478052587018
11/12/2005,2006,16,1089.9756378740458
17/12/2005,2006,17,1018.6062219380326
26/12/2005,2006,18,978.2974534987931
28/12/2005,2006,19,952.7029188897361
31/12/2005,2006,20,983.035723542302
02/01/2006,2006,21,1012.1926828720783
14/01/2006,2006,22,1043.2906073084328
21/01/2006,2006,23,1103.4049133759647
31/01/2006,2006,24,1091.7106480385762
04/02/2006,2006,25,1117.2889590381305
11/02/2006,2006,26,1147.5744113286144
25/02/2006,2006,27,1084.316334033078
04/03/2006,2006,28,1088.1894529042224
11/03/2006,2006,29,1119.783055535932
18/03/2006,2006,30,1151.2069615609905
25/03/2006,2006,31,1124.6757680558833
01/04/2006,2006,32,1031.4333869185873
08/04/2006,2006,33,1038.6031125159843
15/04/2006,2006,34,1010.5222210202407
17/04/2006,2006,35,978.8054061327647
22/04/2006,2006,36,982.6986207599823
29/04/2006,2006,37,1039.404921361653
07/05/2006,2006,38,997.8016180734702
19/08/2006,2007,1,1029.1438659051898
23/08/2006,2007,2,1038.0399486668714
26/08/2006,2007,3,1068.8761405165812
09/09/2006,2007,4,1177.9481544969565
16/09/2006,2007,5,1130.24996661307
24/09/2006,2007,6,1124.2775853752607
30/09/2006,2007,7,1101.747885776168
14/10/2006,2007,8,1028.9954635056229
21/10/2006,2007,9,1058.1006294056872
28/10/2006,2007,10,1093.0132337209434
04/11/2006,2007,11,1040.3166644327773
11/11/2006,2007,12,1010.4072171835737
18/11/2006,2007,13,1055.2671774203075
25/11/2006,2007,14,1025.040345174782
29/11/2006,2007,15,1000.9415343365715
03/12/2006,2007,16,1031.1649050091087
09/12/2006,2007,17,1004.688254196029
17/12/2006,2007,18,978.0858472222533
23/12/2006,2007,19,1003.4613094226105
26/12/2006,2007,20,1002.6652387102688
30/12/2006,2007,21,1061.187892032957
01/01/2007,2007,22,1029.4872338380485
14/01/2007,2007,23,1029.4616320958198
21/01/2007,2007,24,1061.09273270948
21/02/2007,2007,25,1055.3865849146002
03/02/2007,2007,26,1091.652999721243
10/02/2007,2007,27,1122.9331979044912
24/02/2007,2007,28,1087.1090451163275
03/03/2007,2007,29,1074.6776973745862
18/03/2007,2007,30,1167.4589260829134
02/04/2007,2007,31,1132.47872059779
06/04/2007,2007,32,1164.1073442752827
09/04/2007,2007,33,1151.6690968423773
15/04/2007,2007,34,1183.3944737311328
21/04/2007,2007,35,1082.1704479074378
28/04/2007,2007,36,1051.1372037565961
05/05/2007,2007,37,1097.0396444864227
13/05/2007,2007,38,1114.8419815997017
11/08/2007,2008,1,1146.0804257744196
14/08/2007,2008,2,1177.1767618985743
18/08/2007,2008,3,1090.6726639027045
25/08/2007,2008,4,1089.9875119352532
01/09/2007,2008,5,1121.1479101075527
15/09/2007,2008,6,1092.9823113507948
23/09/2007,2008,7,1066.3343941633207
30/09/2007,2008,8,1097.6381052013455
07/10/2007,2008,9,1040.045682019068
20/10/2007,2008,10,1009.1511791493986
28/10/2007,2008,11,1040.6383224436418
03/11/2007,2008,12,1072.116762712946
11/11/2007,2008,13,1093.3395353149049
24/11/2007,2008,14,1122.6554390915474
01/12/2007,2008,15,1132.1675108881527
08/12/2007,2008,16,1163.099939452056
15/12/2007,2008,17,1194.3245451267933
23/12/2007,2008,18,1165.6013093070105
26/12/2007,2008,19,1196.1625125998867
29/12/2007,2008,20,1169.0708262918088
01/01/2008,2008,21,1200.7613234454404
12/01/2008,2008,22,1232.3159484110317
20/01/2008,2008,23,1260.8016060985246
30/01/2008,2008,24,1239.851523583534
02/02/2008,2008,25,1210.4374666367307
09/02/2008,2008,26,1235.0669231863458
25/02/2008,2008,27,1266.7618586704775
02/03/2008,2008,28,1298.2378879985113
09/03/2008,2008,29,1318.7359659768051
16/03/2008,2008,30,1141.4083183603886
22/03/2008,2008,31,1128.3167214228015
30/03/2008,2008,32,1096.9460397656785
06/04/2008,2008,33,1119.024171868997
12/04/2008,2008,34,1100.837502162899
17/04/2008,2008,35,1070.0342437156944
27/04/2008,2008,36,1065.967048352435
04/05/2008,2008,37,1034.569859063287
11/05/2008,2008,38,1065.2721033045627
16/08/2008,2009,1,1037.0984638930827
23/08/2008,2009,2,1066.4985936072562
30/08/2008,2009,3,990.894599864179
14/09/2008,2009,4,1016.8335959700688
21/09/2008,2009,5,1019.3614604987736
27/09/2008,2009,6,989.7765870155491
05/10/2008,2009,7,984.9257053257236
18/10/2008,2009,8,953.201724265175
25/10/2008,2009,9,1021.9620865446037
29/10/2008,2009,10,1052.626854030943
01/11/2008,2009,11,1081.3695526427755
08/11/2008,2009,12,1112.35099945135
16/11/2008,2009,13,1104.0511561658982
24/11/2008,2009,14,1037.3401369668736
30/11/2008,2009,15,1096.9128525397616
07/12/2008,2009,16,1070.289252363189
13/12/2008,2009,17,1100.8961212743916
22/12/2008,2009,18,1107.9971292016296
26/12/2008,2009,19,1139.6701941979268
28/12/2008,2009,20,1170.9736896723257
10/01/2009,2009,21,1197.8738657766553
19/01/2009,2009,22,1196.1093015869737
28/01/2009,2009,23,1200.3169356018402
31/01/2009,2009,24,1169.7167883906068
07/02/2009,2009,25,1200.1952897514527
22/02/2009,2009,26,1167.575465055878
28/02/2009,2009,27,1193.0461769601156
04/03/2009,2009,28,1156.4191745502349
14/03/2009,2009,29,1188.1188404835207
21/03/2009,2009,30,1056.3722749942133
05/04/2009,2009,31,1082.9360031729243
12/04/2009,2009,32,1068.3124888023626
22/04/2009,2009,33,1094.3528931292244
25/04/2009,2009,34,1044.511859871084
03/05/2009,2009,35,1075.7921178464735
09/05/2009,2009,36,1083.8625704985573
16/05/2009,2009,37,1114.0397512743182
24/05/2009,2009,38,1152.1172129440647
15/08/2009,2010,1,1121.251074282469
24/03/2010,2010,2,1258.8196377942782
23/08/2009,2010,3,1092.914540495745
30/08/2009,2010,4,1123.794053436034
13/09/2009,2010,5,1091.5862449409037
20/09/2009,2010,6,1123.3051628611743
26/09/2009,2010,7,1143.6668620832618
04/10/2009,2010,8,1122.182519838235
17/10/2009,2010,9,1073.6898652958205
25/10/2009,2010,10,1023.6792352993215
31/10/2009,2010,11,1036.8994586226904
08/11/2009,2010,12,1064.3627988759456
21/11/2009,2010,13,1033.3475985210027
29/11/2009,2010,14,966.0191543913187
06/12/2009,2010,15,1000.2022608184485
12/12/2009,2010,16,1039.1230998711737
25/11/2009,2010,17,997.743913168761
20/12/2009,2010,18,1065.387510743011
26/12/2009,2010,19,1049.7761865458583
28/12/2009,2010,20,1080.064613526375
09/01/2010,2010,21,1107.460941058751
16/01/2010,2010,22,1169.801436198224
27/01/2010,2010,23,1198.2988370482403
30/01/2010,2010,24,1226.1693789662752
06/02/2010,2010,25,1179.1657937566852
10/02/2010,2010,26,1224.3440799901382
20/02/2010,2010,27,1273.7696930206228
28/02/2010,2010,28,1183.7753402843127
07/03/2010,2010,29,1215.1446917651951
13/03/2010,2010,30,1199.5028973627593
20/03/2010,2010,31,1229.7169517950663
27/03/2010,2010,32,1219.8933581827116
04/04/2010,2010,33,1156.5584184347074
14/04/2010,2010,34,1156.8102403232276
17/04/2010,2010,35,1186.0236761309998
25/04/2010,2010,36,1215.8558643084793
01/05/2010,2010,37,1172.2402532235928
09/05/2010,2010,38,1202.0666401405895
14/08/2010,2011,1,1166.3675122072736
21/08/2010,2011,2,1152.417556823747
29/08/2010,2011,3,1091.150331317104
11/09/2010,2011,4,1130.5813995920707
18/09/2010,2011,5,1059.0648322361965
25/09/2010,2011,6,1060.1443773089022
02/10/2010,2011,7,1089.6899383202299
17/10/2010,2011,8,1121.1010721129412
23/10/2010,2011,9,1115.3730102291381
30/10/2010,2011,10,1146.6739231688655
06/11/2010,2011,11,1134.075889177676
10/11/2010,2011,12,1126.701923631408
14/11/2010,2011,13,1096.703306133105
22/11/2010,2011,14,1103.1962996589175
27/11/2010,2011,15,1029.411158937088
04/12/2010,2011,16,1033.2404003002434
11/12/2010,2011,17,1027.5071383272862
20/12/2010,2011,18,1109.054862943548
09/03/2011,2011,19,1085.4884100323227
28/12/2010,2011,20,1090.0808399359335
01/01/2011,2011,21,1039.9716531233212
05/01/2011,2011,22,1134.101106170241
16/01/2011,2011,23,1112.9409682439934
22/01/2011,2011,24,1093.821242512637
01/02/2011,2011,25,1062.8142484117
05/02/2011,2011,26,1094.385813636889
13/02/2011,2011,27,1029.7259779782835
26/02/2011,2011,28,1056.9435210334818
05/03/2011,2011,29,1094.1254629843252
19/03/2011,2011,30,1115.8128610203134
02/04/2011,2011,31,1104.769828529492
09/04/2011,2011,32,1132.5463291715268
16/04/2011,2011,33,1164.1486980352938
23/04/2011,2011,34,1138.2674171292845
30/04/2011,2011,35,1110.2856241414115
07/05/2011,2011,36,1150.80222805517
14/05/2011,2011,37,1103.9523814572065
22/05/2011,2011,38,1163.4903312360213
11/01/2012,2012,1,942.955882342974
20/08/2011,2012,2,1068.006651587932
27/08/2011,2012,3,1097.0578817272535
10/09/2011,2012,4,1103.732295366602
17/09/2011,2012,5,1133.4914046719648
24/09/2011,2012,6,1101.910597637799
01/10/2011,2012,7,1075.9193508899184
15/10/2011,2012,8,1044.8547329865025
23/10/2011,2012,9,1077.0890520226294
29/10/2011,2012,10,1046.5699367110797
05/11/2011,2012,11,1016.5049204449398
19/11/2011,2012,12,1043.9885179104524
26/11/2011,2012,13,1075.2875378534582
04/12/2011,2012,14,1001.0577343177523
10/12/2011,2012,15,970.8276694282209
17/12/2011,2012,16,992.1599518115361
21/12/2011,2012,17,1036.178736424032
26/12/2011,2012,18,1027.923641385935
01/01/2012,2012,19,1082.017687507955
04/01/2012,2012,20,968.6215957185779
14/01/2012,2012,21,961.2957006103156
21/01/2012,2012,22,990.9513406278988
31/01/2012,2012,23,1110.9028754673745
04/02/2012,2012,24,1075.5534008175568
11/02/2012,2012,25,1131.0940566643721
13/03/2012,2012,26,1053.4210597625292
03/03/2012,2012,27,1083.3449411437598
10/03/2012,2012,28,1125.6772080046067
21/03/2012,2012,29,1023.9740125609891
24/03/2012,2012,30,1104.4796070145655
31/03/2012,2012,31,1131.6984026866483
07/04/2012,2012,32,1119.669976719311
09/04/2012,2012,33,1149.730599940477
01/05/2012,2012,34,1175.5550015847166
22/04/2012,2012,35,1166.877077189893
28/04/2012,2012,36,1195.4526526755074
06/05/2012,2012,37,1115.5603001120294
13/05/2012,2012,38,1168.1467863858152
20/08/2012,2013,1,1228.891801573036
25/08/2012,2013,2,1253.1250202026163
01/09/2012,2013,3,1176.930735180633
17/09/2012,2013,4,1169.3496344174828
22/09/2012,2013,5,1200.7566198247052
29/09/2012,2013,6,1228.7860080760079
06/10/2012,2013,7,1203.9615518854364
21/10/2012,2013,8,1158.83204121266
28/10/2012,2013,9,1147.1633383740461
03/11/2012,2013,10,1139.7498504776645
10/11/2012,2013,11,1171.2418909272965
17/11/2012,2013,12,1065.8762884253247
24/11/2012,2013,13,1084.6768554008504
28/11/2012,2013,14,1085.1151974812876
01/12/2012,2013,15,1132.3509157237263
09/12/2012,2013,16,1169.9691891326295
15/12/2012,2013,17,1166.557825813379
22/12/2012,2013,18,1197.7624580986644
26/12/2012,2013,19,1224.784066401807
30/12/2012,2013,20,1188.0081033781016
02/01/2013,2013,21,1215.3820791904068
12/01/2013,2013,22,1201.881914637518
21/01/2013,2013,23,1181.859018824036
30/01/2013,2013,24,1212.0310556487943
02/02/2013,2013,25,1157.206782325609
10/02/2013,2013,26,1130.7021060412176
23/02/2013,2013,27,1077.5075553813347
02/03/2013,2013,28,1108.9478168426992
16/04/2013,2013,29,1230.6122171968498
16/03/2013,2013,30,1162.6190149156616
30/03/2013,2013,31,1192.6854657616425
07/04/2013,2013,32,1190.4077694209702
13/04/2013,2013,33,1221.302647236754
20/04/2013,2013,34,1130.1604143034701
27/04/2013,2013,35,1161.8607915822188
05/05/2013,2013,36,1158.4708899517225
12/05/2013,2013,37,1188.3288724520523
19/05/2013,2013,38,1157.1124760679268
17/08/2013,2014,1,1154.1907649646355
24/08/2013,2014,2,1130.725917413224
31/08/2013,2014,3,1124.244744472549
14/09/2013,2014,4,1227.2027649178992
21/09/2013,2014,5,1257.714809257357
30/09/2013,2014,6,1286.5233646807826
05/10/2013,2014,7,1212.3135328157985
19/10/2013,2014,8,1244.0153986725295
26/10/2013,2014,9,1275.7351646351287
03/11/2013,2014,10,1272.0236972033072
09/11/2013,2014,11,1170.5447517406317
23/11/2013,2014,12,1171.7239814415893
30/11/2013,2014,13,1203.3772788232982
04/12/2013,2014,14,1232.806802858935
08/12/2013,2014,15,1253.7132127475563
14/12/2013,2014,16,1278.525475401793
22/12/2013,2014,17,1309.4403817760854
26/12/2013,2014,18,1154.3486030871181
29/12/2013,2014,19,1182.9212178477048
01/01/2014,2014,20,1171.0470600415827
11/01/2014,2014,21,1199.8920167533634
20/01/2014,2014,22,1180.4278650649255
28/01/2014,2014,23,1153.5271398353525
01/02/2014,2014,24,1184.7936093443175
09/02/2014,2014,25,1159.515102766041
16/04/2014,2014,26,1233.8819284082688
22/02/2014,2014,27,1127.830868604126
01/03/2014,2014,28,1155.105444618584
25/03/2014,2014,29,1239.5736133178234
15/03/2014,2014,30,1182.2647466981252
22/03/2014,2014,31,1210.1050005814425
30/03/2014,2014,32,1264.0459839069592
06/04/2014,2014,33,1295.5454799783686
12/04/2014,2014,34,1313.9029087100926
20/04/2014,2014,35,1262.7632422670358
26/04/2014,2014,36,1138.0941151986613
03/05/2014,2014,37,1106.5480577381916
11/05/2014,2014,38,1137.1367337979088
16/08/2014,2015,1,1122.2974441412005
23/08/2014,2015,2,1150.3235150168632
30/08/2014,2015,3,1118.61789063762
13/09/2014,2015,4,1149.8453968281467
21/09/2014,2015,5,1095.0151830705972
27/09/2014,2015,6,1098.8484950580346
05/10/2014,2015,7,1070.9163550475146
18/10/2014,2015,8,1105.2434587461537
26/10/2014,2015,9,1136.6488287180402
01/11/2014,2015,10,1129.6037669201912
09/11/2014,2015,11,1117.7604273111865
22/11/2014,2015,12,1156.0567475803155
30/11/2014,2015,13,1109.6329437506668
03/12/2014,2015,14,1076.1698098400461
06/12/2014,2015,15,1047.52567856718
15/12/2014,2015,16,1075.3306530347447
20/12/2014,2015,17,1044.141699999899
26/12/2014,2015,18,1018.1250475221557
28/12/2014,2015,19,987.5110995735699
01/01/2015,2015,20,937.8352078043524
10/01/2015,2015,21,1019.4834908921313
19/01/2015,2015,22,1018.1648280321143
31/01/2015,2015,23,1079.9013054896632
07/02/2015,2015,24,1091.7967992338388
11/02/2015,2015,25,1062.813124709068
22/02/2015,2015,26,1034.2674475208796
01/03/2015,2015,27,1006.0619911437586
04/03/2015,2015,28,975.290167083659
15/03/2015,2015,29,1026.256061738196
22/03/2015,2015,30,1057.4411318290988
04/04/2015,2015,31,1124.8204561810783
11/04/2015,2015,32,1132.2841209927365
18/04/2015,2015,33,1162.6080737908842
26/04/2015,2015,34,1243.5202299621521
02/05/2015,2015,35,1142.089299218128
09/05/2015,2015,36,1077.19470866428
16/05/2015,2015,37,1108.892147236536
24/05/2015,2015,38,1073.888265970408
08/08/2015,2016,1,1064.88732217778
15/08/2015,2016,2,1093.9194635404472
23/08/2015,2016,3,1066.0672394130756
29/08/2015,2016,4,1068.9827203872183
12/09/2015,2016,5,1137.912116497041
19/09/2015,2016,6,1134.2260822122194
28/09/2015,2016,7,1165.0941069309931
04/10/2015,2016,8,1150.1334723110572
17/10/2015,2016,9,1121.0006283247596
24/10/2015,2016,10,1089.321778274254
01/11/2015,2016,11,1120.9485682842878
07/11/2015,2016,12,1123.9577581893375
21/11/2015,2016,13,1153.0391352240597
28/11/2015,2016,14,1106.4161724734256
07/12/2015,2016,15,1104.8379179349877
12/12/2015,2016,16,1084.920835097368
19/12/2015,2016,17,1056.749451909002
26/12/2015,2016,18,1088.538583629058
28/12/2015,2016,19,1059.8661224571297
03/01/2016,2016,20,1085.2702953825305
13/01/2016,2016,21,1095.6496966102386
16/01/2016,2016,22,1096.3287846427456
24/01/2016,2016,23,1052.9516830447221
03/02/2016,2016,24,1078.7374705023833
06/02/2016,2016,25,1103.9480006068516
13/02/2016,2016,26,1059.3639055744443
20/04/2016,2016,27,993.2506143599302
01/03/2016,2016,28,1090.7913806656206
05/03/2016,2016,29,1059.1075086435412
11/05/2016,2016,30,986.9515775433854
19/03/2016,2016,31,1030.8468794917262
03/04/2016,2016,32,999.121314930979
09/04/2016,2016,33,994.8489575225323
16/04/2016,2016,34,1023.6107415894977
13/04/2016,2016,35,995.3157126120279
30/04/2016,2016,36,1043.7741516707226
07/05/2016,2016,37,1018.2871801498939
15/05/2016,2016,38,1014.9956612989582
13/08/2016,2017,1,1027.712143283893
20/08/2016,2017,2,1057.0195136663317
27/08/2016,2017,3,1083.9101013011173
12/09/2016,2017,4,1113.7690970529704
17/09/2016,2017,5,1145.0814584207708
24/09/2016,2017,6,1055.851069817245
30/09/2016,2017,7,1053.541584357221
15/10/2016,2017,8,1094.046492113654
22/10/2016,2017,9,1054.8507554366126
30/10/2016,2017,10,1082.5581005406134
05/11/2016,2017,11,1052.1614495606952
19/11/2016,2017,12,1045.1004673992454
27/11/2016,2017,13,1013.8618679995545
04/12/2016,2017,14,1031.3816916727562
10/12/2016,2017,15,1005.0846505889489
13/12/2016,2017,16,1152.3324043572516
19/12/2016,2017,17,1125.4667765647037
26/12/2016,2017,18,1154.3773982088892
30/12/2016,2017,19,1110.5010836072165
02/01/2017,2017,20,1140.869735881198
15/01/2017,2017,21,1193.1975219721407
21/01/2017,2017,22,1215.7929057043953
01/02/2017,2017,23,1204.6822742006252
04/02/2017,2017,24,1230.4993932572781
11/02/2017,2017,25,1180.2314337628068
25/02/2017,2017,26,1211.5355332325319
05/03/2017,2017,27,1183.7437496206169
11/03/2017,2017,28,1215.4651917668493
18/03/2017,2017,29,1247.161861957729
01/04/2017,2017,30,1195.6932054477945
04/04/2017,2017,31,1195.6614891131746
09/04/2017,2017,32,1223.0218165295253
15/04/2017,2017,33,1253.1574312538608
22/04/2017,2017,34,1195.988297685969
30/04/2017,2017,35,1164.6631917099003
06/05/2017,2017,36,1099.393287580161
12/05/2017,2017,37,1131.0753930903288
21/05/2017,2017,38,1099.3710258071624
12/08/2017,2018,1,1129.3270142027563
21/08/2017,2018,2,1159.8550810813194
27/08/2017,2018,3,1128.1305143272634
09/09/2017,2018,4,1096.405840973575
17/09/2017,2018,5,1065.0152001704307
23/09/2017,2018,6,1096.2598321384214
01/10/2017,2018,7,1066.8325816018712
15/10/2017,2018,8,1063.4230411429692
22/10/2017,2018,9,1031.7254546550218
29/10/2017,2018,10,1004.1555562505682
05/11/2017,2018,11,1048.689949854951
18/11/2017,2018,12,1045.536424555316
26/11/2017,2018,13,1009.1655737168682
29/11/2017,2018,14,1034.6447515832392
02/12/2017,2018,15,1063.1387553407728
10/12/2017,2018,16,1114.7363397056163
13/12/2017,2018,17,1145.0022371831096
18/12/2017,2018,18,1175.3007701967333
23/12/2017,2018,19,1179.4305392022284
26/12/2017,2018,20,1140.3824872038565
30/12/2017,2018,21,1064.2895034463813
01/01/2018,2018,22,1033.4292782475993
13/01/2018,2018,23,1002.9067684692604
20/01/2018,2018,24,1006.7286596220066
31/01/2018,2018,25,1074.278742207899
03/02/2018,2018,26,1042.7164195540906
10/02/2018,2018,27,1107.3316370602547
24/02/2018,2018,28,1062.875829579654
03/03/2018,2018,29,1033.7222881956206
10/03/2018,2018,30,1099.0610036108314
17/03/2018,2018,31,1130.7395503265989
31/03/2018,2018,32,1109.022440694492
07/04/2018,2018,33,1149.1696114297358
14/04/2018,2018,34,1139.1706042111934
23/04/2018,2018,35,1193.4762175401388
28/04/2018,2018,36,1224.8769144886285
05/05/2018,2018,37,1183.4245836818895
13/05/2018,2018,38,1105.0331417894517
11/08/2018,2019,1,1071.3620432269668
18/08/2018,2019,2,1099.736536297311
25/08/2018,2019,3,1101.2981298080228
01/09/2018,2019,4,1092.29414280479
16/09/2018,2019,5,1035.2939533541248
23/09/2018,2019,6,1003.5802989953877
29/09/2018,2019,7,1036.687060010069
06/10/2018,2019,8,1074.7332425048492
21/10/2018,2019,9,1105.4146069760209
28/10/2018,2019,10,1074.730408783922
03/11/2018,2019,11,1122.351813269726
11/11/2018,2019,12,1155.1808403293621
24/11/2018,2019,13,1185.5627698426242
02/12/2018,2019,14,1156.7515946036285
05/12/2018,2019,15,1145.1837704282368
10/12/2018,2019,16,1120.1026028907095
15/12/2018,2019,17,1092.153928153149
23/12/2018,2019,18,1067.5250150766824
26/12/2018,2019,19,1099.134285245043
29/12/2018,2019,20,1031.7194734886173
01/01/2019,2019,21,1001.7599939365367
13/01/2019,2019,22,1029.428839291913
19/01/2019,2019,23,998.0808999148295
29/01/2019,2019,24,1029.2141882997264
02/02/2019,2019,25,998.5706757905987
09/02/2019,2019,26,939.7893744718098
06/02/2019,2019,27,971.1001814879039
26/02/2019,2019,28,1001.0796389403233
03/03/2019,2019,29,1068.3062178077885
09/03/2019,2019,30,1037.2594882852432
17/03/2019,2019,31,1104.439584230372
30/03/2019,2019,32,1130.9076718408585
07/04/2019,2019,33,1230.5946971078938
13/04/2019,2019,34,1008.8114767998325
21/04/2019,2019,35,1109.2376649409262
27/04/2019,2019,36,1116.1053436660993
03/05/2019,2019,37,1152.2113262525831
12/05/2019,2019,38,1135.1475902728373
10/08/2019,2020,1,1146.2540786814923
17/08/2019,2020,2,1176.8642166918287
23/08/2019,2020,3,975.5112660856171
01/09/2019,2020,4,1061.3176007148945
15/09/2019,2020,5,1011.2881769385252
21/09/2019,2020,6,986.2353934184306
28/09/2019,2020,7,960.6370857391337
05/10/2019,2020,8,928.93669286849
19/10/2019,2020,9,1016.1903674725153
26/10/2019,2020,10,990.8465244574313
03/11/2019,2020,11,993.3663908339312
09/11/2019,2020,12,1023.0454680432538
23/11/2019,2020,13,968.6357279581406
01/12/2019,2020,14,946.9058256502326
04/12/2019,2020,15,939.1677712460786
07/12/2019,2020,16,1037.3317555952303
15/12/2019,2020,17,1066.0028685147338
21/12/2019,2020,18,1060.6373056996392
26/12/2019,2020,19,1098.1048335199825
28/12/2019,2020,20,1126.223672578651
01/01/2020,2020,21,1094.50951240713
11/01/2020,2020,22,1124.726521165297
18/01/2020,2020,23,1105.7764172831487
21/01/2020,2020,24,1101.8649174406069
01/02/2020,2020,25,1129.869536290461
08/02/2020,2020,26,1160.9366843266232
23/02/2020,2020,27,1116.8527256825391
01/03/2020,2020,28,1117.0225030082684
08/03/2020,2020,29,1083.1564201538818
21/06/2020,2020,30,1146.6901338711255
24/06/2020,2020,31,1176.3929119890447
01/07/2020,2020,32,1208.1120362264542
06/07/2020,2020,33,1142.7357973796227
09/07/2020,2020,34,1145.1925512756802
12/07/2020,2020,35,1116.844126080009
16/07/2020,2020,36,1094.8654325080026
20/07/2020,2020,37,1120.1095273824
26/07/2020,2020,38,1032.9385597214014
13/09/2020,2021,1,1095.4380739697085
19/09/2020,2021,2,1124.507733579758
26/09/2020,2021,3,1166.2821520136981
03/10/2020,2021,4,1196.6840182575268
17/10/2020,2021,5,1204.8975490470089
25/10/2020,2021,6,1160.0482535047893
01/11/2020,2021,7,1101.0361436639678
07/11/2020,2021,8,1071.6469896386363
22/11/2020,2021,9,1102.8135854105878
28/11/2020,2021,10,1074.5786507141609
05/12/2020,2021,11,1069.9625020293206
12/12/2020,2021,12,1172.0290059591534
16/12/2020,2021,13,1202.1623791324832
19/12/2020,2021,14,1233.8790747585474
26/12/2020,2021,15,1250.2600905851327
17/02/2021,2021,16,1048.500263701494
01/01/2021,2021,17,1191.0647580493978
12/01/2021,2021,18,1222.790349605408
13/05/2021,2021,19,1111.6417447782667
27/01/2021,2021,20,1225.5425980744776
30/01/2021,2021,21,1038.8558063272112
03/02/2021,2021,22,1102.4394438626282
06/02/2021,2021,23,1110.221291911637
14/02/2021,2021,24,1065.5236407539924
20/02/2021,2021,25,1092.012207580552
01/03/2021,2021,26,1123.3610435031553
08/03/2021,2021,27,1125.4631283796284
13/03/2021,2021,28,1086.6951777731656
04/03/2021,2021,29,1154.514069106517
05/04/2021,2021,30,1089.8778401549016
12/04/2021,2021,31,1083.8077029084436
16/04/2021,2021,32,1084.612893527605
23/04/2021,2021,33,1123.9713162783603
01/05/2021,2021,34,1061.9543113421428
09/05/2021,2021,35,1119.539468547759
16/05/2021,2021,36,1010.2156680100131
19/05/2021,2021,37,1047.4424936142855
23/05/2021,2021,38,1015.8745064712098
14/08/2021,2022,1,1042.0775490252854
21/08/2021,2022,2,1069.8825888257024
28/08/2021,2022,3,1140.420415439834
13/09/2021,2022,4,1171.1765557224824
18/09/2021,2022,5,1124.8940748220748
25/09/2021,2022,6,1139.0953438167717
02/10/2021,2022,7,1148.0165387272114
17/10/2021,2022,8,1119.1667764730776
23/10/2021,2022,9,1034.191073348866
01/11/2021,2022,10,1003.7833968203528
07/11/2021,2022,11,1019.0740910472617
21/11/2021,2022,12,990.8114193923839
28/11/2021,2022,13,942.7796169365915
01/12/2021,2022,14,923.1792826329286
06/12/2021,2022,15,1041.1200737703987
12/12/2021,2022,16,1014.2057701715821
16/12/2021,2022,17,1056.0529910981456
20/04/2022,2022,18,1067.4592687575816
06/04/2022,2022,19,941.5598069909331
17/03/2022,2022,20,998.7508873074031
02/01/2022,2022,21,1028.409290292969
15/01/2022,2022,22,933.6070499625796
22/01/2022,2022,23,901.9336174722363
08/02/2022,2022,24,870.4572793697616
12/02/2022,2022,25,954.1722004882622
19/02/2022,2022,26,927.1710484407001
26/02/2022,2022,27,908.5992940966049
07/03/2022,2022,28,884.638916639602
13/03/2022,2022,29,856.107877891904
11/05/2022,2022,30,1080.8251395930401
03/04/2022,2022,31,967.0418551369607
09/04/2022,2022,32,1059.544770030559
19/05/2022,2022,33,1113.4807566928182
24/04/2022,2022,34,1050.1687125211809
01/05/2022,2022,35,1100.2462895965593
08/05/2022,2022,36,1127.4342994036424
15/05/2022,2022,37,1049.878063539552
22/05/2022,2022,38,1086.0067108249518
06/08/2022,2023,1,1057.1065302177492
13/08/2022,2023,2,1021.5266831240173
20/08/2022,2023,3,1021.4838969294271
27/08/2022,2023,4,1027.506738634219
30/08/2022,2023,5,1036.6603690687261
03/09/2022,2023,6,1072.2715432009875
01/03/2023,2023,7,1054.3653684528358
18/09/2022,2023,8,1098.3022060158676
01/10/2022,2023,9,1129.9694525315604
09/10/2022,2023,10,1098.2743185026534
15/10/2022,2023,11,1070.2590417103097
19/10/2022,2023,12,1038.621030099756
22/10/2022,2023,13,1092.8791604043743
29/10/2022,2023,14,1098.0552922686065
05/11/2022,2023,15,1043.3044187757034
12/11/2022,2023,16,980.3672636769609
26/12/2022,2023,17,927.416672375674
31/12/2022,2023,18,992.9635016643264
03/01/2023,2023,19,961.3127902539151
14/01/2023,2023,20,922.1440136173991
21/01/2023,2023,21,895.0356093956444
04/02/2023,2023,22,1155.5104225100972
13/02/2023,2023,23,1105.6249524136401
18/02/2023,2023,24,1134.7826042294407
25/02/2023,2023,25,1085.2941482285341
05/03/2023,2023,26,1055.3500133819532
11/03/2023,2023,27,1156.562949775174
18/03/2023,2023,28,1141.5780250579735
03/04/2023,2023,29,1141.5399261943978
08/04/2023,2023,30,1111.8455470617994
15/04/2023,2023,31,1066.2689200412594
22/04/2023,2023,32,1070.6576808526722
27/04/2023,2023,33,1040.4463531989247
01/05/2023,2023,34,1037.7249853016347
08/05/2023,2023,35,1107.5981451816217
14/05/2023,2023,36,1087.9963502149967
20/05/2023,2023,37,1089.503103045878
28/05/2023,2023,38,1120.6269706249852
